[
  {
    "id": 1,
    "title": "'Reborn from Shadows'",
    "artist": "Pestilence: A Plague Reborn",
    "length": "2:28",
    "path": "songs/song1.mp3",

    "image": "images/song1.jpg"
  },
  {
    "id": 2,
    "title": "'The Accursed Healer'",
    "artist": "Pestilence: A Plague Reborn",
    "length": "3:16",
    "path": "songs/song2.mp3",
    "image": "images/song2.jpg"
  },
  {
    "id": 3,
    "title": "'The Plague Doctor's Lament'",
    "artist": "Pestilence: A Plague Reborn",
    "length": "3:25",
    "path": "songs/song3.mp3",

    "image": "images/song3.jpg"
  }
]
